{
  "mode": "dev",
  "uri": {
    "graphql": "http://localhost:3000"
  },
  "forge": {
    "aes": "cs7as6zx9s7fed0f"
  },
  "pattern": {
    "idcard": "^[1-9]\\d{5}(18|19|([23]\\d))\\d{2}((0[1-9])|(10|11|12))(([0-2][1-9])|10|20|30|31)\\d{3}[0-9Xx]$",
    "mobile": "^[1](([3][0-9])|([4][5-9])|([5][0-3,5-9])|([6][5,6])|([7][0-8])|([8][0-9])|([9][1,8,9]))[0-9]{8}$",
    "sms": "^\\d{6}$"
  },
  "dictionary": {
    "gender": [
      { "label": "未知的性别", "value": 0 },
      { "label": "男性", "value": 1 },
      { "label": "女性", "value": 2 },
      { "label": "未说明的性别", "value": 9 }
    ],
    "nation": [
      { "label": "汉族", "value": 1 },
      { "label": "蒙古族", "value": 2 },
      { "label": "回族", "value": 3 },
      { "label": "藏族", "value": 4 },
      { "label": "维吾尔族", "value": 5 },
      { "label": "苗族", "value": 6 },
      { "label": "彝族", "value": 7 },
      { "label": "壮族", "value": 8 },
      { "label": "布依族", "value": 9 },
      { "label": "朝鲜族", "value": 10 },
      { "label": "满族", "value": 11 },
      { "label": "侗族", "value": 12 },
      { "label": "瑶族", "value": 13 },
      { "label": "白族", "value": 14 },
      { "label": "土家族", "value": 15 },
      { "label": "哈尼族", "value": 16 },
      { "label": "哈萨克族", "value": 17 },
      { "label": "傣族", "value": 18 },
      { "label": "黎族", "value": 19 },
      { "label": "傈僳族", "value": 20 },
      { "label": "佤族", "value": 21 },
      { "label": "畲族", "value": 22 },
      { "label": "高山族", "value": 23 },
      { "label": "拉祜族", "value": 24 },
      { "label": "水族", "value": 25 },
      { "label": "东乡族", "value": 26 },
      { "label": "纳西族", "value": 27 },
      { "label": "景颇族", "value": 28 },
      { "label": "柯尔克孜族", "value": 29 },
      { "label": "土族", "value": 30 },
      { "label": "达斡尔族", "value": 31 },
      { "label": "仫佬族", "value": 32 },
      { "label": "羌族", "value": 33 },
      { "label": "布朗族", "value": 34 },
      { "label": "撒拉族", "value": 35 },
      { "label": "毛难族", "value": 36 },
      { "label": "仡佬族", "value": 37 },
      { "label": "锡伯族", "value": 38 },
      { "label": "阿昌族", "value": 39 },
      { "label": "普米族", "value": 40 },
      { "label": "塔吉克族", "value": 41 },
      { "label": "怒族", "value": 42 },
      { "label": "乌孜别克族", "value": 43 },
      { "label": "俄罗斯族", "value": 44 },
      { "label": "鄂温克族", "value": 45 },
      { "label": "德昂族", "value": 46 },
      { "label": "保安族", "value": 47 },
      { "label": "裕固族", "value": 48 },
      { "label": "京族", "value": 49 },
      { "label": "塔塔尔族", "value": 50 },
      { "label": "独龙族", "value": 51 },
      { "label": "鄂伦春族", "value": 52 },
      { "label": "赫哲族", "value": 53 },
      { "label": "门巴族", "value": 54 },
      { "label": "珞巴族", "value": 55 },
      { "label": "基诺族", "value": 56 },

      { "label": "穿青人族", "value": 81 },
      { "label": "其他", "value": 97 },
      { "label": "外国血统中国籍人士", "value": 98 }
    ],
    "marital_status": [
      { "label": "未婚", "value": 10 },
      { "label": "已婚", "value": 20 },
      { "label": "初婚", "value": 21 },
      { "label": "再婚", "value": 22 },
      { "label": "复婚", "value": 23 },
      { "label": "丧偶", "value": 30 },
      { "label": "离婚", "value": 40 },
      { "label": "未说明的婚姻状况", "value": 90 }
    ]
  }
}
